INSERT INTO LEAGUES (league_id, league_name, country) 
VALUES (1, 'Premier League', 'England');

INSERT INTO TEAMS (team_id, name, league_id) 
VALUES 
(8, 'Manchester United', 1),
(3, 'Liverpool', 1),
(6, 'Chelsea', 1),
(2, 'Arsenal', 1),
(1, 'Manchester City', 1),
(4, 'Aston Villa', 1),
(5, 'Tottenham Hotspur', 1),
(7, 'Newcastle United', 1),
(9, 'West Ham United', 1),
(10, 'Crystal Palace', 1),
(11, 'Brighton', 1),
(12, 'Bournemouth', 1),
(13, 'Fulham', 1),
(14, 'Wolves', 1),
(15, 'Everton', 1),
(16, 'Brentford', 1),
(17, 'Nottingham Forest', 1),
(18, 'Luton Town', 1),
(19, 'Burnley', 1),
(20, 'Sheffield United', 1);

INSERT INTO MATCHES (match_id, match_date, home_team_score, away_team_score, league_id, home_team_id, away_team_id) 
VALUES 
(1, '2023-08-11', 0, 3, 1, 19, 1),  
(2, '2023-08-12', 2, 1, 1, 2, 17),  
(3, '2023-08-12', 0, 1, 1, 20, 10),  
(4, '2023-08-12', 0, 1, 1, 15, 13),  
(5, '2023-08-12', 4, 1, 1, 11, 18),  
(6, '2023-08-12', 1, 1, 1, 12, 9),  
(7, '2023-08-12', 5, 1, 1, 7, 4),  
(8, '2023-08-13', 2, 2, 1, 16, 5),  
(9, '2023-08-13', 1, 1, 1, 6, 3),  
(10, '2023-08-14', 1, 0, 1, 8, 14),  
(11, '2023-08-18', 2, 1, 1, 17, 20),  
(12, '2023-08-19', 1, 4, 1, 14, 11),  
(13, '2023-08-19', 3, 1, 1, 3, 12),  
(14, '2023-08-19', 0, 3, 1, 13, 16),  
(15, '2023-08-19', 2, 0, 1, 5, 8),  
(16, '2023-08-19', 1, 0, 1, 1, 7),  
(17, '2023-08-20', 4, 0, 1, 4, 15),  
(18, '2023-08-20', 3, 1, 1, 9, 6),  
(19, '2023-08-21', 0, 1, 1, 10, 2),  
(20, '2023-10-03', 3, 0, 1, 6, 18),  
(21, '2023-08-25', 0, 2, 1, 12, 5),  
(22, '2023-08-26', 3, 2, 1, 8, 17),  
(23, '2023-08-26', 0, 1, 1, 15, 14),  
(24, '2023-08-26', 1, 1, 1, 16, 10),  
(25, '2023-08-26', 2, 2, 1, 2, 13),  
(26, '2023-08-26', 1, 3, 1, 11, 9),  
(27, '2023-08-26', 1, 2, 1, 1, 20),  
(28, '2023-08-27', 1, 3, 1, 19, 4),  
(29, '2023-08-27', 1, 2, 1, 7, 3),  
(30, '2023-08-27', 1, 2, 1, 18, 9),  
(31, '2023-09-01', 2, 2, 1, 20, 15),  
(32, '2023-09-02', 5, 1, 1, 1, 13),  
(33, '2023-09-02', 0, 1, 1, 6, 17),  
(34, '2023-09-02', 2, 5, 1, 19, 5),  
(35, '2023-09-02', 2, 2, 1, 16, 12),  
(36, '2023-09-02', 3, 1, 1, 11, 7),  
(37, '2023-09-02', 3, 0, 1, 3, 4),  
(38, '2023-09-03', 3, 2, 1, 10, 14),  
(39, '2023-09-03', 3, 1, 1, 2, 8),  
(40, '2023-09-16', 1, 3, 1, 14, 3),  
(41, '2023-09-16', 1, 3, 1, 9, 1),  
(42, '2023-09-16', 2, 1, 1, 5, 20),  
(43, '2023-09-16', 1, 3, 1, 8, 11),  
(44, '2023-09-16', 1, 0, 1, 13, 18),  
(45, '2023-09-16', 3, 1, 1, 4, 10),  
(46, '2023-09-16', 1, 0, 1, 7, 16),  
(47, '2023-09-16', 0, 0, 1, 12, 6),  
(48, '2023-09-17', 0, 1, 1, 15, 2),  
(49, '2023-09-17', 1, 1, 1, 17, 19),  
(50, '2023-09-18', 2, 0, 1, 1, 17),  
(51, '2023-09-23', 1, 1, 1, 18, 14),  
(52, '2023-09-23', 0, 0, 1, 10, 13),  
(53, '2023-09-23', 1, 3, 1, 16, 15),  
(54, '2023-09-23', 0, 1, 1, 19, 8),  
(55, '2023-09-23', 3, 1, 1, 3, 9),  
(56, '2023-09-24', 0, 1, 1, 6, 4),  
(57, '2023-09-24', 3, 1, 1, 11, 12),  
(58, '2023-09-24', 2, 2, 1, 2, 5),  
(59, '2023-09-24', 0, 8, 1, 20, 7),  
(60, '2023-09-24', 6, 1, 1, 4, 11),  
(61, '2023-09-30', 1, 2, 1, 15, 18),  
(62, '2023-09-30', 2, 0, 1, 9, 20),  
(63, '2023-09-30', 2, 0, 1, 7, 19),  
(64, '2023-09-30', 0, 4, 1, 12, 2),  
(65, '2023-09-30', 0, 1, 1, 8, 10),  
(66, '2023-09-30', 2, 1, 1, 14, 1),  
(67, '2023-09-30', 2, 1, 1, 5, 3),  
(68, '2023-09-30', 1, 1, 1, 17, 16),  
(69, '2023-10-01', 0, 2, 1, 13, 6),  
(70, '2023-10-02', 1, 2, 1, 18, 19),  
(71, '2023-10-07', 0, 1, 1, 18, 5),  
(72, '2023-10-07', 3, 1, 1, 13, 20),  
(73, '2023-10-07', 3, 0, 1, 15, 12),  
(74, '2023-10-07', 1, 4, 1, 19, 6),  
(75, '2023-10-07', 2, 1, 1, 8, 16),  
(76, '2023-10-07', 0, 0, 1, 10, 17),  
(77, '2023-10-08', 1, 1, 1, 14, 4),  
(78, '2023-10-08', 2, 2, 1, 9, 7),  
(79, '2023-10-08', 2, 2, 1, 11, 3),  
(80, '2023-10-08', 1, 0, 1, 2, 1),  
(81, '2023-10-21', 2, 0, 1, 3, 15),  
(82, '2023-10-21', 2, 2, 1, 17, 18),  
(83, '2023-10-21', 1, 2, 1, 12, 14),  
(84, '2023-10-21', 3, 0, 1, 16, 19),  
(85, '2023-10-21', 4, 0, 1, 7, 10),  
(86, '2023-10-21', 2, 1, 1, 1, 11),  
(87, '2023-10-21', 2, 2, 1, 6, 2),  
(88, '2023-10-21', 1, 2, 1, 20, 8),  
(89, '2023-10-22', 4, 1, 1, 4, 9),  
(90, '2023-10-23', 2, 0, 1, 5, 13),  
(91, '2023-10-27', 1, 2, 1, 10, 5),  
(92, '2023-10-28', 0, 2, 1, 6, 16),  
(93, '2023-10-28', 2, 1, 1, 12, 19),  
(94, '2023-10-28', 5, 0, 1, 2, 20),  
(95, '2023-10-28', 2, 2, 1, 14, 7),  
(96, '2023-10-29', 0, 1, 1, 9, 15),  
(97, '2023-10-29', 3, 1, 1, 4, 18),  
(98, '2023-10-29', 1, 1, 1, 11, 13),  
(99, '2023-10-29', 3, 0, 1, 3, 17),  
(100, '2023-10-29', 0, 3, 1, 8, 1),  
(101, '2023-11-04', 0, 1, 1, 13, 9),  
(102, '2023-11-04', 0, 2, 1, 19, 10),  
(103, '2023-11-04', 2, 1, 1, 20, 14),  
(104, '2023-11-04', 3, 2, 1, 16, 9),  
(105, '2023-11-04', 1, 1, 1, 15, 11),  
(106, '2023-11-04', 6, 1, 1, 1, 12),  
(107, '2023-11-04', 1, 0, 1, 7, 2),  
(108, '2023-11-05', 2, 0, 1, 17, 4),  
(109, '2023-11-05', 1, 1, 1, 18, 3),  
(110, '2023-11-06', 1, 4, 1, 5, 6),  
(111, '2023-11-11', 2, 1, 1, 14, 5),  
(112, '2023-11-11', 2, 3, 1, 10, 15),  
(113, '2023-11-11', 3, 1, 1, 2, 19),  
(114, '2023-11-11', 1, 0, 1, 8, 18),  
(115, '2023-11-11', 2, 0, 1, 12, 7),  
(116, '2023-11-12', 1, 1, 1, 11, 20),  
(117, '2023-11-12', 3, 2, 1, 9, 17),  
(118, '2023-11-12', 3, 1, 1, 4, 13),  
(119, '2023-11-12', 3, 0, 1, 3, 16),  
(120, '2023-11-12', 4, 4, 1, 6, 1),  
(121, '2023-11-25', 1, 1, 1, 1, 3),  
(122, '2023-11-25', 1, 3, 1, 20, 12),  
(123, '2023-11-25', 2, 1, 1, 18, 10),  
(124, '2023-11-25', 2, 3, 1, 17, 11),  
(125, '2023-11-25', 1, 2, 1, 19, 9),  
(126, '2023-11-25', 4, 1, 1, 7, 6),  
(127, '2023-11-25', 0, 1, 1, 16, 2),  
(128, '2023-11-26', 1, 2, 1, 5, 4),  
(129, '2023-11-26', 0, 3, 1, 15, 8),  
(130, '2023-11-27', 3, 2, 1, 13, 14),  
(131, '2023-12-02', 5, 0, 1, 19, 20),  
(132, '2023-12-02', 3, 1, 1, 16, 18),  
(133, '2023-12-02', 2, 1, 1, 2, 14),  
(134, '2023-12-02', 0, 1, 1, 17, 15),  
(135, '2023-12-02', 1, 0, 1, 7, 8),  
(136, '2023-12-03', 2, 2, 1, 12, 4),  
(137, '2023-12-03', 1, 1, 1, 9, 10),  
(138, '2023-12-03', 3, 2, 1, 6, 11),  
(139, '2023-12-03', 4, 3, 1, 3, 13),  
(140, '2023-12-03', 3, 3, 1, 1, 5),  
(141, '2023-12-05', 1, 0, 1, 14, 19),  
(142, '2023-12-05', 3, 4, 1, 18, 2),  
(143, '2023-12-06', 0, 2, 1, 10, 12),  
(144, '2023-12-06', 5, 0, 1, 13, 17),  
(145, '2023-12-06', 2, 1, 1, 11, 16),  
(146, '2023-12-06', 0, 2, 1, 20, 3),  
(147, '2023-12-06', 1, 0, 1, 4, 1),  
(148, '2023-12-06', 2, 1, 1, 8, 6),  
(149, '2023-12-07', 3, 0, 1, 15, 7),  
(150, '2023-12-07', 1, 2, 1, 5, 9),  
(151, '2023-12-09', 1, 2, 1, 10, 3),  
(152, '2023-12-09', 1, 0, 1, 20, 16),  
(153, '2023-12-09', 1, 1, 1, 14, 17),  
(154, '2023-12-09', 1, 1, 1, 11, 19),  
(155, '2023-12-09', 0, 3, 1, 8, 12),  
(156, '2023-12-09', 1, 0, 1, 4, 2),  
(157, '2023-12-10', 5, 0, 1, 13, 9),  
(158, '2023-12-10', 2, 0, 1, 15, 6),  
(159, '2023-12-10', 1, 2, 1, 18, 1),  
(160, '2023-12-15', 0, 2, 1, 17, 5),  
(161, '2023-12-16', 0, 2, 1, 19, 15),  
(162, '2023-12-16', 3, 0, 1, 7, 13),  
(163, '2023-12-16', 2, 2, 1, 1, 10),  
(164, '2023-12-16', 2, 0, 1, 6, 20),  
(165, '2023-12-17', 0, 0, 1, 3, 8),  
(166, '2023-12-17', 3, 0, 1, 9, 14),  
(167, '2023-12-17', 1, 2, 1, 16, 4),  
(168, '2023-12-17', 2, 0, 1, 2, 11),  
(169, '2024-03-13', 4, 3, 1, 12, 18),  
(170, '2023-12-21', 1, 1, 1, 10, 11),  
(171, '2023-12-22', 1, 1, 1, 4, 20),  
(172, '2023-12-23', 2, 1, 1, 5, 15),  
(173, '2023-12-23', 2, 3, 1, 17, 12),  
(174, '2023-12-23', 1, 0, 1, 18, 7),  
(175, '2023-12-23', 0, 2, 1, 13, 19),  
(176, '2023-12-23', 1, 1, 1, 3, 2),  
(177, '2023-12-23', 2, 0, 1, 9, 8),  
(178, '2023-12-24', 2, 1, 1, 14, 6),  
(179, '2024-02-20', 1, 0, 1, 1, 16),  
(180, '2023-12-26', 3, 2, 1, 8, 4),  
(181, '2023-12-26', 0, 2, 1, 19, 3),  
(182, '2023-12-26', 1, 3, 1, 7, 17),  
(183, '2023-12-26', 3, 0, 1, 12, 13),  
(184, '2023-12-26', 2, 3, 1, 20, 18),  
(185, '2023-12-27', 1, 4, 1, 16, 14),  
(186, '2023-12-27', 2, 1, 1, 6, 10),  
(187, '2023-12-27', 1, 3, 1, 15, 1),  
(188, '2023-12-28', 4, 2, 1, 11, 5),  
(189, '2023-12-30', 2, 3, 1, 18, 6),  
(190, '2023-12-30', 3, 2, 1, 4, 19),  
(191, '2023-12-30', 3, 1, 1, 10, 16),  
(192, '2023-12-30', 2, 0, 1, 1, 20),  
(193, '2023-12-30', 3, 0, 1, 14, 15),  
(194, '2023-12-30', 2, 1, 1, 17, 8),  
(195, '2023-12-31', 2, 1, 1, 13, 2),  
(196, '2023-12-31', 3, 1, 1, 5, 12),  
(197, '2024-01-01', 4, 2, 1, 3, 7),  
(198, '2024-01-02', 0, 0, 1, 9, 11),  
(199, '2024-01-12', 1, 1, 1, 19, 18),  
(200, '2024-01-13', 1, 0, 1, 6, 13),  
(201, '2024-01-13', 2, 3, 1, 7, 1),  
(202, '2024-01-14', 0, 0, 1, 15, 4),  
(203, '2024-01-14', 2, 2, 1, 8, 5),  
(204, '2024-01-20', 5, 0, 1, 2, 10),  
(205, '2024-01-20', 3, 2, 1, 16, 17),  
(206, '2024-01-21', 2, 2, 1, 20, 9),  
(207, '2024-01-21', 0, 4, 1, 12, 3),  
(208, '2024-01-22', 0, 0, 1, 11, 14),  
(209, '2024-01-30', 1, 2, 1, 17, 2),  
(210, '2024-01-30', 0, 0, 1, 13, 15),     
(211, '2024-01-30', 4, 0, 1, 18, 11),  
(212, '2024-01-30', 3, 2, 1, 10, 20),  
(213, '2024-01-30', 1, 3, 1, 4, 7),  
(214, '2024-02-01', 1, 1, 1, 9, 12),  
(215, '2024-02-03', 2, 2, 1, 15, 5),  
(216, '2024-02-03', 4, 1, 1, 11, 10),  
(217, '2024-02-03', 2, 2, 1, 19, 13),  
(218, '2024-02-03', 4, 4, 1, 7, 18),  
(219, '2024-02-03', 0, 5, 1, 20, 4),  
(220, '2024-02-04', 1, 1, 1, 12, 17),  
(221, '2024-02-04', 2, 4, 1, 6, 14),  
(222, '2024-02-04', 3, 0, 1, 8, 9),  
(223, '2024-02-04', 3, 1, 1, 2, 3),  
(224, '2024-02-05', 1, 3, 1, 16, 1),  
(225, '2024-02-10', 2, 0, 1, 1, 15),  
(226, '2024-02-10', 3, 1, 1, 13, 12),  
(227, '2024-02-10', 3, 1, 1, 3, 19),  
(228, '2024-02-10', 1, 3, 1, 18, 20),  
(229, '2024-02-10', 2, 1, 1, 5, 11),  
(230, '2024-02-10', 0, 2, 1, 14, 16),  
(231, '2024-02-10', 2, 3, 1, 17, 7),  
(232, '2024-02-11', 0, 6, 1, 9, 2),  
(233, '2024-02-11', 1, 2, 1, 4, 8),  
(234, '2024-02-12', 1, 3, 1, 10, 6),  
(235, '2024-02-17', 1, 4, 1, 16, 3),  
(236, '2024-02-17', 0, 5, 1, 19, 2),  
(237, '2024-02-17', 1, 2, 1, 13, 4),  
(238, '2024-02-17', 2, 2, 1, 7, 12),  
(239, '2024-02-17', 2, 0, 1, 17, 9),  
(240, '2024-02-17', 1, 2, 1, 5, 14),  
(241, '2024-02-17', 1, 1, 1, 1, 6),  
(242, '2024-02-18', 0, 5, 1, 20, 11),  
(243, '2024-02-18', 1, 2, 1, 18, 8),  
(244, '2024-02-19', 1, 1, 1, 15, 10),  
(245, '2024-02-21', 4, 1, 1, 3, 18),  
(246, '2024-02-24', 4, 2, 1, 4, 17),  
(247, '2024-02-24', 1, 1, 1, 11, 15),  
(248, '2024-02-24', 3, 0, 1, 10, 19),  
(249, '2024-02-24', 1, 2, 1, 8, 13),  
(250, '2024-02-24', 0, 1, 1, 12, 1),  
(251, '2024-02-24', 4, 1, 1, 2, 7),  
(252, '2024-02-25', 1, 0, 1, 14, 20),  
(253, '2024-02-26', 4, 2, 1, 9, 16),  
(254, '2024-05-02', 2, 0, 1, 6, 5),  
(255, '2024-03-02', 2, 2, 1, 16, 6),  
(256, '2024-03-02', 1, 3, 1, 15, 9),  
(257, '2024-03-02', 3, 0, 1, 13, 11),  
(258, '2024-03-02', 3, 0, 1, 7, 14),  
(259, '2024-03-02', 0, 1, 1, 17, 3),  
(260, '2024-03-02', 3, 1, 1, 5, 10),  
(261, '2024-03-02', 2, 3, 1, 18, 4),  
(262, '2024-03-03', 0, 2, 1, 19, 12),  
(263, '2024-03-03', 3, 1, 1, 1, 8),  
(264, '2024-03-04', 0, 6, 1, 20, 2),  
(265, '2024-03-09', 2, 0, 1, 8, 15),  
(266, '2024-03-09', 2, 2, 1, 12, 20),  
(267, '2024-03-09', 1, 1, 1, 10, 18),  
(268, '2024-03-09', 2, 1, 1, 14, 13),  
(269, '2024-03-10', 2, 1, 1, 2, 16),  
(270, '2024-03-10', 0, 4, 1, 4, 5),  
(271, '2024-03-10', 1, 0, 1, 11, 17),  
(272, '2024-03-10', 2, 2, 1, 9, 19),  
(273, '2024-03-11', 3, 2, 1, 6, 7),  
(274, '2024-03-16', 2, 1, 1, 19, 16),	
(275, '2024-03-16', 1, 1, 1, 18, 17),  
(276, '2024-03-16', 3, 0, 1, 13, 5),  
(277, '2024-03-17', 1, 1, 1, 9, 4),  
(278, '2024-04-23', 5, 0, 1, 2, 6),  
(279, '2024-04-24', 0, 1, 1, 14, 12),  
(280, '2024-04-24', 2, 0, 1, 10, 7),  
(281, '2024-04-24', 2, 0, 1, 15, 3),  
(282, '2024-04-24', 4, 2, 1, 8, 20),  
(283, '2024-04-25', 0, 4, 1, 11, 1),  
(284, '2024-03-30', 4, 3, 1, 7, 9),  
(285, '2024-03-30', 2, 1, 1, 12, 15),  
(286, '2024-03-30', 2, 2, 1, 6, 19),  
(287, '2024-03-30', 1, 1, 1, 17, 10),  
(288, '2024-03-30', 3, 3, 1, 20, 13),  
(289, '2024-03-30', 2, 1, 1, 5, 18),  
(290, '2024-03-30', 2, 0, 1, 4, 14),  
(291, '2024-03-30', 1, 1, 1, 16, 8),  
(292, '2024-03-31', 2, 1, 1, 3, 11),  
(293, '2024-03-31', 0, 0, 1, 1, 2),  
(294, '2024-04-02', 1, 1, 1, 7, 15),  
(295, '2024-04-02', 3, 1, 1, 17, 13),  
(296, '2024-04-02', 1, 0, 1, 12, 10),  
(297, '2024-04-02', 1, 1, 1, 19, 14),  
(298, '2024-04-02', 1, 1, 1, 9, 5),  
(299, '2024-04-03', 2, 0, 1, 2, 18),  
(300, '2024-04-03', 0, 0, 1, 16, 11),  
(301, '2024-04-03', 4, 1, 1, 1, 4),  
(302, '2024-04-04', 3, 1, 1, 3, 20),  
(303, '2024-04-04', 4, 3, 1, 6, 8),  
(304, '2024-04-06', 2, 4, 1, 10, 1),  
(305, '2024-04-06', 3, 3, 1, 4, 16),  
(306, '2024-04-06', 1, 0, 1, 15, 19),  
(307, '2024-04-06', 0, 1, 1, 13, 7),  
(308, '2024-04-06', 2, 1, 1, 18, 12),  
(309, '2024-04-06', 1, 2, 1, 14, 9),  
(310, '2024-04-06', 0, 3, 1, 11, 2),  
(311, '2024-04-07', 2, 2, 1, 8, 3),  
(312, '2024-04-07', 2, 2, 1, 20, 6),  
(313, '2024-04-07', 3, 1, 1, 5, 17),  
(314, '2024-04-13', 4, 0, 1, 7, 5),  
(315, '2024-04-13', 2, 0, 1, 16, 20),  
(316, '2024-04-13', 1, 1, 1, 19, 11),  
(317, '2024-04-13', 5, 1, 1, 1, 18),  
(318, '2024-04-13', 2, 2, 1, 17, 14),  
(319, '2024-04-13', 2, 2, 1, 12, 8),  
(320, '2024-04-14', 0, 1, 1, 3, 10),  
(321, '2024-04-14', 0, 2, 1, 9, 13),  
(322, '2024-04-14', 0, 2, 1, 2, 4),  
(323, '2024-04-15', 6, 0, 1, 6, 15),  
(324, '2024-04-20', 1, 5, 1, 18, 16),  
(325, '2024-04-20', 1, 4, 1, 20, 19),  
(326, '2024-04-20', 0, 2, 1, 14, 2),  
(327, '2024-04-21', 2, 0, 1, 15, 17),  
(328, '2024-04-21', 3, 1, 1, 4, 12),  
(329, '2024-04-21', 5, 2, 1, 10, 9),  
(330, '2024-04-21', 1, 3, 1, 13, 3),  
(331, '2024-05-14', 0, 2, 1, 5, 1),  
(332, '2024-05-15', 1, 2, 1, 11, 6),  
(333, '2024-05-15', 3, 2, 1, 8, 7),  
(334, '2024-04-27', 2, 2, 1, 9, 3),  
(335, '2024-04-27', 1, 1, 1, 13, 10),  
(336, '2024-04-27', 1, 1, 1, 8, 19),  
(337, '2024-04-27', 5, 1, 1, 7, 20),  
(338, '2024-04-27', 2, 1, 1, 14, 18),  
(339, '2024-04-27', 1, 0, 1, 15, 16),  
(340, '2024-04-27', 2, 2, 1, 4, 6),  
(341, '2024-04-28', 3, 0, 1, 12, 11),  
(342, '2024-04-28', 2, 3, 1, 5, 2),  
(343, '2024-04-28', 0, 2, 1, 17, 1),  
(344, '2024-05-03', 1, 1, 1, 18, 15),  
(345, '2024-05-04', 3, 0, 1, 2, 12),  
(346, '2024-05-04', 0, 0, 1, 16, 13),  
(347, '2024-05-04', 1, 4, 1, 19, 7),  
(348, '2024-05-04', 1, 3, 1, 20, 17),  
(349, '2024-05-04', 5, 1, 1, 1, 14),  
(350, '2024-05-05', 1, 0, 1, 11, 4),  
(351, '2024-05-05', 5, 0, 1, 6, 9),  
(352, '2024-05-05', 4, 2, 1, 3, 5),  
(353, '2024-05-06', 4, 0, 1, 10, 8),  
(354, '2024-05-11', 0, 4, 1, 13, 1),  
(355, '2024-05-11', 1, 2, 1, 12, 16),  
(356, '2024-05-11', 1, 0, 1, 15, 20),  
(357, '2024-05-11', 1, 1, 1, 7, 11),  
(358, '2024-05-11', 2, 1, 1, 5, 19),  
(359, '2024-05-11', 3, 1, 1, 9, 18),  
(360, '2024-05-11', 1, 3, 1, 14, 10),  
(361, '2024-05-11', 2, 3, 1, 17, 6),  
(362, '2024-05-12', 0, 1, 1, 8, 2),  
(363, '2024-05-13', 3, 3, 1, 4, 3),  
(364, '2024-05-19', 2, 1, 1, 2, 15),  
(365, '2024-05-19', 2, 4, 1, 16, 7),  
(366, '2024-05-19', 0, 2, 1, 11, 8),  
(367, '2024-05-19', 1, 2, 1, 19, 17),  
(368, '2024-05-19', 2, 1, 1, 6, 12),  
(369, '2024-05-19', 5, 0, 1, 10, 4),  
(370, '2024-05-19', 2, 0, 1, 3, 14),  
(371, '2024-05-19', 2, 4, 1, 18, 13),  
(372, '2024-05-19', 3, 1, 1, 1, 9),  
(373, '2024-05-19', 0, 3, 1, 20, 5),
(374, '2024-05-19', 0, 1, 1, 3, 3),
(375, '2024-03-10', 1, 1, 1, 3, 1),   
(376, '2024-01-31', 3, 1, 1, 1, 19), 
(377, '2024-01-31', 3, 2, 1, 5, 16), 
(378, '2024-01-31', 4, 1, 1, 3, 6), 
(379, '2023-12-28', 0, 2, 1, 2, 9), 
(380, '2023-12-24', 2, 1, 1, 14, 6);


INSERT INTO MATCH_STATS (match_stats_id, match_id, team_id, goals, shots, shots_on_target, possession, yellow_cards, red_cards, fouls_committed) 
VALUES 
-- Burnley vs. Manchester City (Match ID: 1)
(1, 1, 19, 0, 5, 2, 36, 2, 0, 10),
(2, 1, 1, 3, 17, 7, 64, 1, 0, 7),

-- Arsenal vs. Nottingham Forest (Match ID: 2)
(3, 2, 2, 2, 14, 6, 79, 2, 0, 9),
(4, 2, 17, 1, 6, 3, 21, 1, 0, 12),

-- Sheffield United vs. Crystal Palace (Match ID: 3)
(5, 3, 20, 0, 8, 3, 39, 2, 0, 11),
(6, 3, 10, 1, 16, 5, 61, 1, 0, 9),

-- Bournemouth vs. West Ham (Match ID: 4)
(7, 4, 15, 0, 10, 4, 59, 3, 0, 14),
(8, 4, 9, 1, 9, 3, 41, 2, 0, 12),

-- Brighton vs. Luton (Match ID: 5)
(9, 5, 11, 4, 21, 9, 72, 1, 0, 6),
(10, 5, 18, 1, 5, 2, 28, 3, 0, 15),

-- Everton vs. Fulham (Match ID: 6)
(11, 6, 12, 1, 19, 7, 53, 2, 0, 13),
(12, 6, 13, 1, 11, 4, 47, 1, 0, 10),

-- Newcastle vs. Aston Villa (Match ID: 7)
(13, 7, 7, 5, 18, 11, 51, 2, 0, 12),
(14, 7, 4, 1, 12, 6, 49, 3, 1, 16),

-- Brentford vs. Tottenham (Match ID: 8)
(15, 8, 16, 2, 13, 7, 41, 4, 0, 14),
(16, 8, 5, 2, 18, 8, 59, 3, 0, 10),

-- Chelsea vs. Liverpool (Match ID: 9)
(17, 9, 6, 1, 12, 4, 65, 3, 0, 9),
(18, 9, 3, 1, 15, 6, 35, 1, 0, 12),

-- Manchester United vs. Wolves (Match ID: 10)
(19, 10, 8, 1, 15, 6, 51, 2, 0, 11),
(20, 10, 14, 0, 23, 7, 49, 3, 0, 14),

-- Match 11
(21, 11, 17, 2, 3, 0, 10, 5, 55, 12),  
(22, 11, 20, 1, 2, 0, 8, 3, 45, 14),  

-- Match 12
(23, 12, 14, 1, 2, 0, 9, 4, 48, 10),  
(24, 12, 11, 4, 1, 0, 12, 7, 52, 8),  

-- Match 13
(25, 13, 3, 3, 3, 1, 14, 8, 60, 15),  
(26, 13, 12, 1, 2, 0, 6, 3, 40, 13),  

-- Match 14
(27, 14, 13, 0, 1, 0, 5, 2, 42, 9),  
(28, 14, 16, 3, 2, 0, 11, 6, 58, 11),  

-- Match 15
(29, 15, 5, 2, 2, 0, 9, 4, 53, 12),  
(30, 15, 8, 0, 1, 0, 7, 3, 47, 10),  

-- Match 16
(31, 16, 1, 1, 3, 0, 11, 5, 57, 14),  
(32, 16, 7, 0, 2, 0, 6, 2, 43, 13),  

-- Match 17
(33, 17, 4, 4, 1, 0, 15, 10, 62, 9),  
(34, 17, 15, 0, 3, 0, 5, 2, 38, 11),  

-- Match 18
(35, 18, 9, 3, 2, 0, 13, 6, 55, 12),  
(36, 18, 6, 1, 1, 0, 7, 4, 45, 8),  

-- Match 19
(37, 19, 10, 0, 2, 0, 6, 2, 48, 9),  
(38, 19, 2, 1, 3, 0, 9, 5, 52, 11),  

-- Match 20
(39, 20, 6, 3, 1, 0, 12, 7, 60, 10),  
(40, 20, 18, 0, 2, 0, 5, 2, 40, 8),

-- Match 21
(41, 21, 12, 0, 3, 0, 7, 3, 48, 10),  
(42, 21, 5, 2, 2, 0, 11, 6, 52, 12),  

-- Match 22
(43, 22, 8, 3, 1, 0, 14, 7, 55, 11),  
(44, 22, 17, 2, 2, 0, 10, 5, 45, 13),  

-- Match 23
(45, 23, 15, 0, 2, 0, 6, 2, 42, 8),  
(46, 23, 14, 1, 1, 0, 9, 4, 58, 10),  

-- Match 24
(47, 24, 16, 1, 2, 0, 8, 3, 49, 9),  
(48, 24, 10, 1, 3, 0, 7, 4, 51, 12),  

-- Match 25
(49, 25, 2, 2, 2, 0, 12, 6, 53, 13),  
(50, 25, 13, 2, 1, 0, 10, 5, 47, 11),  

-- Match 26
(51, 26, 11, 1, 3, 0, 9, 3, 45, 12),  
(52, 26, 9, 3, 1, 0, 14, 8, 55, 10),  

-- Match 27
(53, 27, 1, 1, 2, 0, 11, 5, 50, 9),  
(54, 27, 20, 2, 1, 0, 8, 4, 50, 11),  

-- Match 28
(55, 28, 19, 1, 1, 0, 7, 3, 43, 10),  
(56, 28, 4, 3, 2, 0, 13, 7, 57, 12),  

-- Match 29
(57, 29, 7, 1, 3, 0, 8, 3, 46, 9),  
(58, 29, 3, 2, 2, 0, 10, 5, 54, 11),  

-- Match 30
(59, 30, 18, 1, 2, 0, 9, 4, 49, 12),  
(60, 30, 9, 2, 1, 0, 11, 6, 51, 10),  

-- Match 31
(61, 31, 20, 2, 2, 0, 12, 5, 55, 13),  
(62, 31, 15, 2, 1, 0, 11, 6, 45, 9),  

-- Match 32
(63, 32, 1, 5, 1, 0, 16, 10, 60, 12),  
(64, 32, 13, 1, 3, 0, 7, 3, 40, 10),  

-- Match 33
(65, 33, 6, 0, 2, 0, 8, 4, 47, 11),  
(66, 33, 17, 1, 1, 0, 9, 5, 53, 9),  

-- Match 34
(67, 34, 19, 2, 2, 0, 10, 5, 42, 13),  
(68, 34, 5, 5, 1, 0, 15, 9, 58, 11),  

-- Match 35
(69, 35, 16, 2, 1, 0, 9, 4, 48, 10),  
(70, 35, 12, 2, 3, 0, 11, 6, 52, 9),  

-- Match 36
(71, 36, 11, 3, 2, 0, 13, 7, 54, 12),  
(72, 36, 7, 1, 1, 0, 9, 5, 46, 10),  

-- Match 37
(73, 37, 3, 3, 1, 0, 14, 8, 57, 11),  
(74, 37, 4, 0, 3, 0, 6, 2, 43, 10),  

-- Match 38
(75, 38, 10, 3, 2, 0, 11, 6, 50, 12),  
(76, 38, 14, 2, 1, 0, 9, 5, 50, 9),  

-- Match 39
(77, 39, 2, 3, 1, 0, 12, 7, 55, 11),  
(78, 39, 8, 1, 2, 0, 8, 4, 45, 10),  

-- Match 40
(79, 40, 14, 1, 3, 0, 9, 4, 49, 12),  
(80, 40, 3, 3, 1, 0, 14, 8, 51, 10),
-- Match 41
(81, 41, 9, 1, 2, 0, 8, 3, 45, 10),  
(82, 41, 1, 3, 1, 0, 14, 7, 55, 11),  

-- Match 42
(83, 42, 5, 2, 2, 0, 11, 6, 52, 12),  
(84, 42, 20, 1, 3, 0, 9, 4, 48, 10),  

-- Match 43
(85, 43, 8, 1, 1, 0, 10, 5, 53, 13),  
(86, 43, 11, 3, 2, 0, 12, 7, 47, 9),  

-- Match 44
(87, 44, 13, 1, 3, 0, 9, 4, 49, 12),  
(88, 44, 18, 0, 2, 0, 6, 2, 51, 10),  

-- Match 45
(89, 45, 4, 3, 1, 0, 14, 8, 57, 11),  
(90, 45, 10, 1, 2, 0, 8, 4, 43, 10),  

-- Match 46
(91, 46, 7, 1, 3, 0, 10, 5, 54, 12),  
(92, 46, 16, 0, 2, 0, 7, 3, 46, 10),  

-- Match 47
(93, 47, 12, 0, 1, 0, 6, 3, 48, 9),  
(94, 47, 6, 0, 1, 0, 5, 2, 52, 9),  

-- Match 48
(95, 48, 15, 0, 3, 0, 7, 2, 40, 10),  
(96, 48, 2, 1, 2, 0, 11, 5, 60, 12),  

-- Match 49
(97, 49, 17, 1, 2, 0, 9, 4, 51, 11),  
(98, 49, 19, 1, 1, 0, 8, 5, 49, 10),  

-- Match 50
(99, 50, 1, 2, 1, 0, 13, 6, 55, 13),  
(100, 50, 17, 0, 3, 0, 6, 2, 45, 9),  

-- Match 51
(101, 51, 18, 1, 2, 0, 10, 5, 50, 11),  
(102, 51, 14, 1, 1, 0, 8, 3, 50, 10),  

-- Match 52
(103, 52, 10, 0, 1, 0, 7, 3, 48, 9),  
(104, 52, 13, 0, 2, 0, 6, 2, 52, 9),  

-- Match 53
(105, 53, 16, 1, 3, 0, 9, 4, 49, 12),  
(106, 53, 15, 3, 2, 0, 12, 7, 51, 10),  

-- Match 54
(107, 54, 19, 0, 2, 0, 7, 3, 46, 9),  
(108, 54, 8, 1, 1, 0, 9, 5, 54, 11),  

-- Match 55
(109, 55, 3, 3, 1, 0, 13, 7, 55, 12),  
(110, 55, 9, 1, 2, 0, 8, 4, 45, 10),  

-- Match 56
(111, 56, 6, 0, 2, 0, 8, 3, 47, 11),  
(112, 56, 4, 1, 1, 0, 9, 5, 53, 9),  

-- Match 57
(113, 57, 11, 3, 2, 0, 14, 8, 54, 11),  
(114, 57, 12, 1, 3, 0, 8, 3, 46, 10),  

-- Match 58
(115, 58, 2, 2, 2, 0, 10, 5, 42, 13),  
(116, 58, 5, 2, 1, 0, 9, 5, 58, 11),  

-- Match 59
(117, 59, 20, 0, 3, 0, 7, 3, 46, 9),  
(118, 59, 7, 8, 1, 0, 18, 10, 54, 11),  

-- Match 60
(119, 60, 4, 6, 2, 0, 20, 12, 61, 10),  
(120, 60, 11, 1, 1, 0, 8, 4, 39, 12),
-- Match 61
(121, 61, 15, 1, 2, 0, 9, 4, 48, 11),  
(122, 61, 18, 2, 1, 0, 11, 6, 52, 10),  

-- Match 62
(123, 62, 9, 2, 2, 0, 12, 7, 55, 12),  
(124, 62, 20, 0, 3, 0, 6, 3, 45, 9),  

-- Match 63
(125, 63, 7, 2, 1, 0, 10, 5, 53, 10),  
(126, 63, 19, 0, 2, 0, 8, 4, 47, 11),  

-- Match 64
(127, 64, 12, 0, 3, 0, 7, 2, 46, 12),  
(128, 64, 2, 4, 1, 0, 14, 8, 54, 10),  

-- Match 65
(129, 65, 8, 0, 2, 0, 6, 3, 48, 9),  
(130, 65, 10, 1, 1, 0, 9, 5, 52, 11),  

-- Match 66
(131, 66, 14, 2, 1, 0, 11, 6, 55, 12),  
(132, 66, 1, 1, 3, 0, 10, 4, 45, 10),  

-- Match 67
(133, 67, 5, 2, 2, 0, 12, 7, 54, 11),  
(134, 67, 3, 1, 1, 0, 9, 4, 46, 10),  

-- Match 68
(135, 68, 17, 1, 2, 0, 8, 3, 48, 9),  
(136, 68, 16, 1, 3, 0, 9, 5, 52, 11),  

-- Match 69
(137, 69, 13, 0, 2, 0, 7, 3, 45, 10),  
(138, 69, 6, 2, 1, 0, 12, 6, 55, 12),  

-- Match 70
(139, 70, 18, 1, 1, 0, 9, 5, 52, 11),  
(140, 70, 19, 2, 2, 0, 10, 6, 48, 9),  

-- Match 71
(141, 71, 18, 0, 3, 0, 7, 2, 47, 12),  
(142, 71, 5, 1, 1, 0, 10, 5, 53, 10),  

-- Match 72
(143, 72, 13, 3, 2, 0, 14, 8, 56, 11),  
(144, 72, 20, 1, 3, 0, 8, 3, 44, 9),  

-- Match 73
(145, 73, 15, 3, 1, 0, 12, 7, 55, 12),  
(146, 73, 12, 0, 2, 0, 9, 4, 45, 10),  

-- Match 74
(147, 74, 19, 1, 2, 0, 9, 5, 48, 11),  
(148, 74, 6, 4, 1, 0, 14, 8, 52, 10),  

-- Match 75
(149, 75, 8, 2, 1, 0, 11, 6, 55, 12),  
(150, 75, 16, 1, 3, 0, 10, 4, 45, 10),  

-- Match 76
(151, 76, 10, 0, 2, 0, 7, 3, 47, 12),  
(152, 76, 17, 0, 1, 0, 8, 5, 53, 10),  

-- Match 77
(153, 77, 14, 1, 3, 0, 10, 5, 52, 11),  
(154, 77, 4, 1, 2, 0, 9, 4, 48, 9),  

-- Match 78
(155, 78, 9, 2, 1, 0, 12, 6, 54, 10),  
(156, 78, 7, 2, 2, 0, 11, 5, 46, 10),  

-- Match 79
(157, 79, 11, 2, 2, 0, 13, 7, 55, 12),  
(158, 79, 3, 2, 1, 0, 10, 4, 45, 10),  

-- Match 80
(159, 80, 2, 1, 3, 0, 8, 4, 50, 11),  
(160, 80, 1, 0, 1, 0, 7, 3, 50, 10),
-- Match 81
(161, 81, 3, 2, 2, 0, 10, 5, 52, 11),  
(162, 81, 15, 0, 1, 0, 7, 3, 48, 9),  

-- Match 82
(163, 82, 17, 2, 1, 0, 12, 7, 54, 12),  
(164, 82, 18, 2, 3, 0, 9, 4, 46, 10),  

-- Match 83
(165, 83, 12, 1, 2, 0, 8, 3, 50, 11),  
(166, 83, 14, 2, 1, 0, 10, 6, 50, 10),  

-- Match 84
(167, 84, 16, 3, 2, 0, 11, 6, 56, 12),  
(168, 84, 19, 0, 3, 0, 7, 3, 44, 9),  

-- Match 85
(169, 85, 7, 4, 1, 0, 14, 8, 55, 12),  
(170, 85, 10, 0, 2, 0, 9, 4, 45, 10),  

-- Match 86
(171, 86, 1, 2, 2, 0, 13, 7, 54, 11),  
(172, 86, 11, 1, 1, 0, 10, 5, 46, 10),  

-- Match 87
(173, 87, 6, 2, 3, 0, 11, 6, 53, 10),  
(174, 87, 2, 2, 1, 0, 12, 7, 47, 11),  

-- Match 88
(175, 88, 20, 1, 2, 0, 9, 5, 50, 11),  
(176, 88, 8, 2, 1, 0, 11, 6, 50, 10),  

-- Match 89
(177, 89, 4, 4, 2, 0, 14, 8, 58, 12),  
(178, 89, 9, 1, 3, 0, 8, 3, 42, 9),  

-- Match 90
(179, 90, 5, 2, 1, 0, 10, 6, 52, 11),  
(180, 90, 13, 0, 2, 0, 9, 4, 48, 10),  

-- Match 91
(181, 91, 10, 1, 3, 0, 7, 2, 47, 12),  
(182, 91, 5, 2, 1, 0, 12, 6, 53, 10),  

-- Match 92
(183, 92, 6, 0, 2, 0, 8, 4, 49, 11),  
(184, 92, 16, 2, 3, 0, 10, 5, 51, 10),  

-- Match 93
(185, 93, 12, 2, 2, 0, 11, 7, 53, 10),  
(186, 93, 19, 1, 1, 0, 9, 4, 47, 11),  

-- Match 94
(187, 94, 2, 5, 1, 0, 15, 9, 58, 12),  
(188, 94, 20, 0, 3, 0, 7, 2, 42, 9),  

-- Match 95
(189, 95, 14, 2, 2, 0, 10, 5, 51, 11),  
(190, 95, 7, 2, 1, 0, 12, 7, 49, 10),  

-- Match 96
(191, 96, 9, 0, 3, 0, 6, 2, 45, 12),  
(192, 96, 15, 1, 1, 0, 11, 6, 55, 10),  

-- Match 97
(193, 97, 4, 3, 2, 0, 13, 7, 57, 11),  
(194, 97, 18, 1, 1, 0, 9, 4, 43, 10),  

-- Match 98
(195, 98, 11, 1, 2, 0, 10, 5, 52, 12),  
(196, 98, 13, 1, 3, 0, 9, 4, 48, 9),  

-- Match 99
(197, 99, 3, 3, 1, 0, 12, 7, 55, 11),  
(198, 99, 17, 0, 2, 0, 8, 3, 45, 10),  

-- Match 100
(199, 100, 8, 0, 2, 0, 7, 3, 48, 12),  
(200, 100, 1, 3, 1, 0, 11, 6, 52, 10),
-- Match 101
(201, 101, 13, 0, 2, 0, 8, 3, 47, 10),  
(202, 101, 9, 1, 1, 0, 10, 5, 53, 11),  

-- Match 102
(203, 102, 19, 0, 3, 0, 6, 2, 45, 12),  
(204, 102, 10, 2, 1, 0, 11, 6, 55, 10),  

-- Match 103
(205, 103, 20, 2, 2, 0, 12, 7, 54, 11),  
(206, 103, 14, 1, 1, 0, 9, 4, 46, 10),  

-- Match 104
(207, 104, 16, 3, 1, 0, 13, 7, 56, 12),  
(208, 104, 9, 2, 2, 0, 10, 5, 44, 9),  

-- Match 105
(209, 105, 15, 1, 1, 0, 9, 4, 50, 10),  
(210, 105, 11, 1, 2, 0, 10, 6, 50, 11),  

-- Match 106
(211, 106, 1, 6, 3, 0, 15, 9, 60, 13),  
(212, 106, 12, 1, 2, 0, 7, 3, 40, 10),  

-- Match 107
(213, 107, 7, 1, 2, 0, 11, 5, 52, 12),  
(214, 107, 2, 0, 1, 0, 9, 4, 48, 11),  

-- Match 108
(215, 108, 17, 2, 1, 0, 12, 7, 55, 12),  
(216, 108, 4, 0, 3, 0, 8, 3, 45, 9),  

-- Match 109
(217, 109, 18, 1, 2, 0, 10, 5, 52, 10),  
(218, 109, 3, 1, 1, 0, 11, 6, 48, 11),  

-- Match 110
(219, 110, 5, 1, 2, 0, 9, 4, 47, 11),  
(220, 110, 6, 4, 1, 0, 13, 7, 53, 10),  

-- Match 111
(221, 111, 14, 2, 1, 0, 10, 5, 50, 11),  
(222, 111, 5, 1, 2, 0, 11, 6, 50, 10),  

-- Match 112
(223, 112, 10, 2, 3, 0, 12, 7, 53, 11),  
(224, 112, 15, 3, 1, 0, 10, 5, 47, 10),  

-- Match 113
(225, 113, 2, 3, 2, 0, 13, 7, 55, 12),  
(226, 113, 19, 1, 1, 0, 9, 4, 45, 9),  

-- Match 114
(227, 114, 8, 1, 1, 0, 10, 5, 50, 10),  
(228, 114, 18, 0, 2, 0, 8, 3, 50, 11),  

-- Match 115
(229, 115, 12, 2, 1, 0, 11, 6, 53, 11),  
(230, 115, 7, 0, 3, 0, 9, 4, 47, 10),  

-- Match 116
(231, 116, 11, 1, 2, 0, 10, 5, 52, 11),  
(232, 116, 20, 1, 1, 0, 9, 4, 48, 10),  

-- Match 117
(233, 117, 9, 3, 2, 0, 12, 7, 55, 11),  
(234, 117, 17, 2, 1, 0, 11, 6, 45, 10),  

-- Match 118
(235, 118, 4, 3, 1, 0, 13, 7, 54, 12),  
(236, 118, 13, 1, 2, 0, 9, 4, 46, 10),  

-- Match 119
(237, 119, 3, 3, 2, 0, 11, 6, 53, 11),  
(238, 119, 16, 0, 3, 0, 7, 2, 47, 10),  

-- Match 120
(239, 120, 6, 4, 1, 0, 14, 8, 57, 12),  
(240, 120, 1, 4, 2, 0, 13, 7, 43, 9),
-- Match 121
(241, 121, 1, 1, 2, 0, 9, 4, 50, 10),  
(242, 121, 3, 1, 1, 0, 8, 3, 50, 9),  

-- Match 122
(243, 122, 20, 1, 3, 0, 7, 3, 45, 12),  
(244, 122, 12, 3, 1, 0, 12, 7, 55, 10),  

-- Match 123
(245, 123, 18, 2, 2, 0, 10, 5, 52, 11),  
(246, 123, 10, 1, 1, 0, 9, 4, 48, 10),  

-- Match 124
(247, 124, 17, 2, 1, 0, 12, 7, 54, 11),  
(248, 124, 11, 3, 2, 0, 11, 6, 46, 10),  

-- Match 125
(249, 125, 19, 1, 2, 0, 8, 3, 50, 10),  
(250, 125, 9, 2, 1, 0, 9, 4, 50, 11),  

-- Match 126
(251, 126, 7, 4, 1, 0, 13, 7, 56, 12),  
(252, 126, 6, 1, 2, 0, 10, 5, 44, 9),  

-- Match 127
(253, 127, 16, 0, 1, 0, 8, 3, 47, 10),  
(254, 127, 2, 1, 3, 0, 11, 6, 53, 11),  

-- Match 128
(255, 128, 5, 1, 2, 0, 10, 5, 48, 10),  
(256, 128, 4, 2, 1, 0, 9, 4, 52, 11),  

-- Match 129
(257, 129, 15, 0, 1, 0, 8, 3, 45, 10),  
(258, 129, 8, 3, 2, 0, 12, 7, 55, 11),  

-- Match 130
(259, 130, 13, 3, 2, 0, 12, 7, 55, 11),  
(260, 130, 14, 2, 1, 0, 10, 5, 45, 10),  

-- Match 131
(261, 131, 19, 5, 2, 0, 14, 8, 60, 12),  
(262, 131, 20, 0, 1, 0, 6, 2, 40, 9),  

-- Match 132
(263, 132, 16, 3, 2, 0, 12, 7, 54, 11),  
(264, 132, 18, 1, 1, 0, 9, 4, 46, 10),  

-- Match 133
(265, 133, 2, 2, 3, 0, 11, 6, 53, 11),  
(266, 133, 14, 1, 2, 0, 10, 5, 47, 10),  

-- Match 134
(267, 134, 17, 0, 2, 0, 8, 3, 45, 10),  
(268, 134, 15, 1, 1, 0, 9, 4, 55, 11),  

-- Match 135
(269, 135, 7, 1, 1, 0, 10, 5, 50, 10),  
(270, 135, 8, 0, 2, 0, 8, 3, 50, 11),  

-- Match 136
(271, 136, 12, 2, 1, 0, 11, 6, 52, 11),  
(272, 136, 4, 2, 2, 0, 10, 5, 48, 10),  

-- Match 137
(273, 137, 9, 1, 3, 0, 8, 3, 47, 10),  
(274, 137, 10, 1, 1, 0, 9, 4, 53, 11),  

-- Match 138
(275, 138, 6, 3, 2, 0, 12, 7, 54, 11),  
(276, 138, 11, 2, 1, 0, 10, 5, 46, 10),  

-- Match 139
(277, 139, 3, 4, 1, 0, 14, 8, 57, 12),  
(278, 139, 13, 3, 2, 0, 12, 7, 43, 9),  

-- Match 140
(279, 140, 1, 3, 2, 0, 11, 6, 53, 11),  
(280, 140, 5, 3, 1, 0, 10, 5, 47, 10),
-- Match 141
(281, 141, 14, 1, 2, 0, 10, 5, 52, 11),  
(282, 141, 19, 0, 1, 0, 7, 3, 48, 10),  

-- Match 142
(283, 142, 18, 3, 2, 0, 12, 7, 51, 10),  
(284, 142, 2, 4, 1, 0, 14, 8, 49, 12),  

-- Match 143
(285, 143, 10, 0, 2, 0, 8, 3, 47, 10),  
(286, 143, 12, 2, 1, 0, 11, 6, 53, 11),  

-- Match 144
(287, 144, 13, 5, 1, 0, 15, 10, 58, 12),  
(288, 144, 17, 0, 3, 0, 6, 2, 42, 9),  

-- Match 145
(289, 145, 11, 2, 1, 0, 11, 6, 54, 11),  
(290, 145, 16, 1, 2, 0, 9, 4, 46, 10),  

-- Match 146
(291, 146, 20, 0, 2, 0, 7, 3, 44, 10),  
(292, 146, 3, 2, 1, 0, 10, 5, 56, 11),  

-- Match 147
(293, 147, 4, 1, 1, 0, 10, 5, 50, 10),  
(294, 147, 1, 0, 2, 0, 8, 3, 50, 11),  

-- Match 148
(295, 148, 8, 2, 1, 0, 11, 6, 52, 11),  
(296, 148, 6, 1, 2, 0, 9, 4, 48, 10),  

-- Match 149
(297, 149, 15, 3, 1, 0, 12, 7, 54, 10),
(298, 149, 7, 0, 2, 0, 8, 3, 46, 11),

-- Match 150
(299, 150, 5, 1, 1, 0, 10, 5, 49, 10),
(300, 150, 9, 2, 2, 0, 11, 6, 51, 11),

-- Match 151
(301, 151, 10, 1, 1, 0, 9, 4, 48, 10),
(302, 151, 3, 2, 2, 0, 11, 6, 52, 11),

-- Match 152
(303, 152, 20, 1, 1, 0, 10, 5, 53, 10),
(304, 152, 16, 0, 2, 0, 8, 3, 47, 11),

-- Match 153
(305, 153, 14, 1, 1, 0, 10, 5, 50, 10),
(306, 153, 17, 1, 2, 0, 10, 5, 50, 11),

-- Match 154
(307, 154, 11, 1, 1, 0, 9, 4, 47, 10),
(308, 154, 19, 1, 2, 0, 11, 6, 53, 11),

-- Match 155
(309, 155, 8, 0, 2, 0, 8, 3, 45, 10),
(310, 155, 12, 3, 1, 0, 14, 9, 55, 11),

-- Match 156
(311, 156, 4, 1, 1, 0, 10, 5, 52, 10),
(312, 156, 2, 0, 2, 0, 9, 4, 48, 11),

-- Match 157
(313, 157, 13, 5, 1, 0, 18, 12, 60, 10),
(314, 157, 9, 0, 2, 0, 7, 3, 40, 11),

-- Match 158
(315, 158, 15, 2, 1, 0, 11, 6, 54, 10),
(316, 158, 6, 0, 2, 0, 9, 4, 46, 11),

-- Match 159
(317, 159, 18, 1, 1, 0, 10, 5, 49, 10),
(318, 159, 1, 2, 2, 0, 11, 6, 51, 11),

-- Match 160
(319, 160, 17, 0, 2, 0, 8, 3, 45, 10),
(320, 160, 5, 2, 1, 0, 12, 7, 55, 11),

-- Match 161
(321, 161, 19, 0, 1, 0, 10, 5, 50, 10),
(322, 161, 15, 2, 2, 0, 11, 6, 50, 11),
-- Match 162
(323, 162, 7, 3, 1, 0, 12, 6, 56, 10),  
(324, 162, 13, 0, 2, 0, 8, 3, 44, 11),  

-- Match 163
(325, 163, 1, 2, 1, 0, 10, 5, 52, 10),  
(326, 163, 10, 2, 2, 0, 9, 4, 48, 11),  

-- Match 164
(327, 164, 6, 2, 1, 0, 11, 6, 54, 10),  
(328, 164, 20, 0, 2, 0, 8, 3, 46, 11),  

-- Match 165
(329, 165, 3, 0, 1, 0, 9, 4, 50, 10),  
(330, 165, 8, 0, 2, 0, 7, 3, 50, 11),  

-- Match 166
(331, 166, 9, 3, 1, 0, 14, 7, 57, 10),  
(332, 166, 14, 0, 3, 0, 6, 2, 43, 11),  

-- Match 167
(333, 167, 16, 1, 2, 0, 10, 5, 52, 11),  
(334, 167, 4, 2, 1, 0, 9, 4, 48, 10),  

-- Match 168
(335, 168, 2, 2, 1, 0, 11, 6, 53, 11),  
(336, 168, 11, 0, 2, 0, 8, 3, 47, 10),  

-- Match 169
(337, 169, 12, 4, 1, 0, 15, 9, 56, 12),  
(338, 169, 18, 3, 2, 0, 13, 7, 44, 11),  

-- Match 170
(339, 170, 10, 1, 2, 0, 10, 5, 50, 11),  
(340, 170, 11, 1, 1, 0, 9, 4, 50, 10),  

-- Match 171
(341, 171, 4, 1, 2, 0, 10, 5, 52, 10),  
(342, 171, 20, 1, 1, 0, 9, 4, 48, 11),  

-- Match 172
(343, 172, 5, 2, 1, 0, 11, 6, 53, 11),  
(344, 172, 15, 1, 2, 0, 8, 3, 47, 10),  

-- Match 173
(345, 173, 17, 2, 1, 0, 10, 5, 51, 11),  
(346, 173, 12, 3, 2, 0, 11, 6, 49, 10),  

-- Match 174
(347, 174, 18, 1, 2, 0, 9, 4, 50, 10),  
(348, 174, 7, 0, 1, 0, 8, 3, 50, 11),  

-- Match 175
(349, 175, 13, 0, 3, 0, 7, 3, 42, 9),  
(350, 175, 19, 2, 1, 0, 11, 6, 58, 12),  

-- Match 176
(351, 176, 3, 1, 1, 0, 9, 4, 50, 10),  
(352, 176, 2, 1, 2, 0, 8, 3, 50, 11),  

-- Match 177
(353, 177, 9, 2, 1, 0, 12, 7, 55, 12),  
(354, 177, 8, 0, 2, 0, 9, 4, 45, 11),  

-- Match 178
(355, 178, 14, 2, 2, 0, 10, 5, 52, 11),  
(356, 178, 6, 1, 1, 0, 9, 4, 48, 10),  

-- Match 179
(357, 179, 1, 1, 1, 0, 10, 5, 50, 10),  
(358, 179, 16, 0, 2, 0, 8, 3, 50, 11),  

-- Match 180
(359, 180, 8, 3, 1, 0, 13, 7, 58, 12),  
(360, 180, 4, 2, 2, 0, 11, 6, 42, 11),
-- Match 181
(361, 181, 19, 0, 1, 0, 6, 2, 43, 10),  
(362, 181, 3, 2, 2, 0, 11, 6, 57, 12),  

-- Match 182
(363, 182, 7, 1, 2, 0, 8, 4, 48, 11),  
(364, 182, 17, 3, 1, 0, 10, 5, 52, 10),  

-- Match 183
(365, 183, 12, 3, 1, 0, 12, 7, 55, 10),  
(366, 183, 13, 0, 2, 0, 7, 3, 45, 11),  

-- Match 184
(367, 184, 20, 2, 1, 0, 9, 5, 50, 10),  
(368, 184, 18, 3, 2, 0, 11, 6, 50, 11),  

-- Match 185
(369, 185, 16, 1, 2, 0, 10, 5, 52, 10),  
(370, 185, 14, 4, 1, 0, 14, 8, 48, 12),  

-- Match 186
(371, 186, 6, 2, 1, 0, 9, 5, 51, 11),  
(372, 186, 10, 1, 2, 0, 8, 4, 49, 10),  

-- Match 187
(373, 187, 15, 1, 1, 0, 8, 3, 46, 9),  
(374, 187, 1, 3, 2, 0, 12, 7, 54, 12),  

-- Match 188
(375, 188, 11, 4, 2, 0, 14, 9, 58, 12),  
(376, 188, 5, 2, 1, 0, 9, 5, 42, 11),  

-- Match 189
(377, 189, 18, 2, 1, 0, 10, 6, 51, 10),  
(378, 189, 6, 3, 2, 0, 12, 7, 49, 11),  

-- Match 190
(379, 190, 4, 3, 2, 0, 11, 6, 54, 10),  
(380, 190, 19, 2, 1, 0, 10, 5, 46, 11),  

-- Match 191
(381, 191, 10, 3, 1, 0, 13, 8, 55, 12),  
(382, 191, 16, 1, 2, 0, 8, 4, 45, 11),  

-- Match 192
(383, 192, 1, 2, 1, 0, 9, 5, 51, 10),  
(384, 192, 20, 0, 2, 0, 6, 2, 49, 11),  

-- Match 193
(385, 193, 14, 3, 2, 0, 11, 6, 54, 10),  
(386, 193, 15, 0, 1, 0, 7, 3, 46, 11),  

-- Match 194
(387, 194, 17, 2, 1, 0, 10, 5, 52, 10),  
(388, 194, 8, 1, 2, 0, 9, 4, 48, 11),  

-- Match 195
(389, 195, 13, 2, 1, 0, 11, 6, 51, 10),  
(390, 195, 2, 1, 2, 0, 9, 4, 49, 11),  

-- Match 196
(391, 196, 5, 3, 2, 0, 12, 7, 54, 10),  
(392, 196, 12, 1, 1, 0, 9, 5, 46, 11),  

-- Match 197
(393, 197, 3, 4, 1, 0, 14, 9, 56, 12),  
(394, 197, 7, 2, 2, 0, 10, 5, 44, 11),  

-- Match 198
(395, 198, 9, 0, 1, 0, 7, 3, 48, 10),  
(396, 198, 11, 0, 2, 0, 8, 4, 52, 11),  

-- Match 199
(397, 199, 19, 1, 2, 0, 9, 5, 50, 11),  
(398, 199, 18, 1, 1, 0, 9, 4, 50, 10),  

-- Match 200
(399, 200, 6, 1, 1, 0, 10, 5, 53, 11),  
(400, 200, 13, 0, 2, 0, 8, 3, 47, 10),
-- Match 201
(401, 201, 7, 2, 1, 0, 10, 5, 52, 9),  
(402, 201, 1, 3, 2, 0, 12, 7, 48, 10),  

-- Match 202
(403, 202, 15, 0, 1, 0, 8, 3, 47, 8),  
(404, 202, 4, 0, 2, 0, 7, 2, 53, 10),  

-- Match 203
(405, 203, 8, 2, 1, 0, 11, 6, 55, 9),  
(406, 203, 5, 2, 2, 0, 10, 5, 45, 11),  

-- Match 204
(407, 204, 2, 5, 1, 0, 14, 9, 58, 10),  
(408, 204, 10, 0, 2, 0, 5, 2, 42, 11),  

-- Match 205
(409, 205, 16, 3, 1, 0, 13, 8, 52, 9),  
(410, 205, 17, 2, 2, 0, 9, 5, 48, 10),  

-- Match 206
(411, 206, 20, 2, 1, 0, 10, 5, 50, 10),  
(412, 206, 9, 2, 2, 0, 10, 6, 50, 11),  

-- Match 207
(413, 207, 12, 0, 2, 0, 6, 2, 44, 9),  
(414, 207, 3, 4, 1, 0, 15, 10, 56, 11),  

-- Match 208
(415, 208, 11, 0, 1, 0, 7, 3, 46, 9),  
(416, 208, 14, 0, 2, 0, 8, 4, 54, 10),  

-- Match 209
(417, 209, 17, 1, 2, 0, 9, 5, 49, 10),  
(418, 209, 2, 2, 1, 0, 11, 6, 51, 11),  

-- Match 210
(419, 210, 13, 0, 1, 0, 8, 3, 45, 9),  
(420, 210, 15, 0, 2, 0, 7, 2, 55, 10),  

-- Match 211
(421, 211, 18, 4, 1, 0, 13, 9, 57, 10),  
(422, 211, 11, 0, 2, 0, 6, 3, 43, 11),  

-- Match 212
(423, 212, 10, 3, 1, 0, 12, 7, 54, 10),  
(424, 212, 20, 2, 2, 0, 9, 5, 46, 11),  

-- Match 213
(425, 213, 4, 1, 2, 0, 8, 4, 44, 9),  
(426, 213, 7, 3, 1, 0, 12, 7, 56, 11),  

-- Match 214
(427, 214, 9, 1, 1, 0, 9, 5, 52, 10),  
(428, 214, 12, 1, 2, 0, 8, 4, 48, 11),  

-- Match 215
(429, 215, 15, 2, 2, 0, 11, 6, 50, 10),  
(430, 215, 5, 2, 1, 0, 10, 5, 50, 11),  

-- Match 216
(431, 216, 11, 4, 1, 0, 14, 8, 56, 10),  
(432, 216, 10, 1, 2, 0, 7, 3, 44, 11),  

-- Match 217
(433, 217, 19, 2, 1, 0, 10, 5, 49, 9),  
(434, 217, 13, 2, 2, 0, 10, 6, 51, 11),  

-- Match 218
(435, 218, 7, 4, 1, 0, 14, 9, 55, 10),  
(436, 218, 18, 4, 2, 0, 14, 9, 45, 11),  

-- Match 219
(437, 219, 20, 0, 2, 0, 5, 2, 40, 9),  
(438, 219, 4, 5, 1, 0, 17, 12, 60, 11),  

-- Match 220
(439, 220, 12, 1, 2, 0, 8, 4, 46, 9),  
(440, 220, 17, 1, 1, 0, 9, 5, 54, 10),  

-- Match 221
(441, 221, 6, 2, 1, 0, 10, 5, 49, 9),  
(442, 221, 14, 4, 2, 0, 14, 8, 51, 11),  

-- Match 222
(443, 222, 8, 3, 1, 0, 13, 9, 55, 10),  
(444, 222, 9, 0, 2, 0, 6, 3, 45, 11),  

-- Match 223
(445, 223, 2, 3, 2, 0, 12, 7, 52, 10),  
(446, 223, 3, 1, 1, 0, 9, 5, 48, 11),  

-- Match 224
(447, 224, 16, 1, 1, 0, 8, 4, 46, 10),  
(448, 224, 1, 3, 2, 0, 12, 7, 54, 11),  

-- Match 225
(449, 225, 1, 2, 1, 0, 10, 5, 53, 10),  
(450, 225, 15, 0, 2, 0, 7, 3, 47, 11),  

-- Match 226
(451, 226, 13, 3, 2, 0, 12, 7, 51, 10),  
(452, 226, 12, 1, 1, 0, 9, 5, 49, 11),  

-- Match 227
(453, 227, 3, 3, 1, 0, 11, 6, 54, 10),  
(454, 227, 19, 1, 2, 0, 8, 4, 46, 11),
-- Match 228
(455, 228, 18, 1, 1, 0, 9, 4, 48, 8),
(456, 228, 20, 3, 2, 0, 12, 6, 52, 10),

-- Match 229
(457, 229, 2, 2, 1, 0, 11, 6, 50, 9),
(458, 229, 5, 1, 2, 0, 9, 4, 50, 11),

-- Match 230
(459, 230, 14, 0, 2, 0, 7, 3, 45, 9),
(460, 230, 16, 2, 1, 0, 11, 5, 55, 11),

-- Match 231
(461, 231, 17, 2, 1, 0, 10, 6, 53, 10),
(462, 231, 7, 3, 2, 0, 12, 7, 47, 11),

-- Match 232
(463, 232, 9, 0, 2, 0, 8, 4, 45, 9),
(464, 232, 2, 6, 1, 0, 16, 10, 55, 11),

-- Match 233
(465, 233, 4, 1, 1, 0, 10, 5, 50, 9),
(466, 233, 8, 2, 2, 0, 11, 6, 50, 11),

-- Match 234
(467, 234, 10, 1, 2, 0, 9, 5, 47, 10),
(468, 234, 6, 3, 1, 0, 12, 7, 53, 11),

-- Match 235
(469, 235, 16, 1, 1, 0, 9, 5, 49, 9),
(470, 235, 3, 4, 2, 0, 14, 8, 51, 11),

-- Match 236
(471, 236, 19, 0, 2, 0, 6, 2, 44, 9),
(472, 236, 2, 5, 1, 0, 17, 11, 56, 11),

-- Match 237
(473, 237, 13, 1, 2, 0, 9, 4, 48, 10),
(474, 237, 4, 2, 1, 0, 10, 5, 52, 11),

-- Match 238
(475, 238, 7, 2, 1, 0, 12, 7, 51, 10),
(476, 238, 12, 2, 2, 0, 10, 6, 49, 11),

-- Match 239
(477, 239, 17, 2, 1, 0, 11, 6, 52, 10),
(478, 239, 9, 0, 2, 0, 8, 3, 48, 11),

-- Match 240
(479, 240, 5, 1, 2, 0, 10, 5, 47, 9),
(480, 240, 14, 2, 1, 0, 11, 6, 53, 11),

-- Match 241
(481, 241, 1, 1, 2, 0, 9, 4, 49, 9),
(482, 241, 6, 1, 1, 0, 10, 5, 51, 11),

-- Match 242
(483, 242, 20, 0, 1, 0, 8, 3, 46, 9),
(484, 242, 11, 5, 2, 0, 15, 10, 54, 11),

-- Match 243
(485, 243, 18, 1, 1, 0, 10, 5, 50, 9),
(486, 243, 8, 2, 2, 0, 12, 7, 50, 11),

-- Match 244
(487, 244, 15, 1, 1, 0, 9, 5, 48, 9),
(488, 244, 10, 1, 2, 0, 10, 6, 52, 11),

-- Match 245
(489, 245, 3, 4, 1, 0, 14, 9, 57, 10),
(490, 245, 18, 1, 2, 0, 8, 3, 43, 11),

-- Match 246
(491, 246, 4, 4, 1, 0, 13, 8, 54, 10),
(492, 246, 17, 2, 2, 0, 10, 5, 46, 11),

-- Match 247
(493, 247, 11, 1, 2, 0, 9, 4, 48, 9),
(494, 247, 15, 1, 1, 0, 10, 5, 52, 11),

-- Match 248
(495, 248, 10, 3, 1, 0, 12, 7, 54, 10),
(496, 248, 19, 0, 2, 0, 8, 3, 46, 11),

-- Match 249
(497, 249, 8, 1, 1, 0, 9, 5, 49, 10),
(498, 249, 13, 2, 2, 0, 11, 6, 51, 11),

-- Match 250
(499, 250, 12, 0, 2, 0, 8, 3, 47, 9),
(500, 250, 1, 1, 1, 0, 9, 4, 53, 11),

-- Match 251
(501, 251, 2, 4, 1, 0, 14, 9, 55, 10),
(502, 251, 7, 1, 2, 0, 9, 4, 45, 11),

-- Match 252
(503, 252, 14, 1, 2, 0, 10, 5, 51, 10),
(504, 252, 20, 0, 1, 0, 9, 4, 49, 11),

-- Match 253
(505, 253, 9, 4, 1, 0, 13, 8, 57, 10),
(506, 253, 16, 2, 2, 0, 10, 5, 43, 11),
-- Match 254
(507, 254, 6, 2, 1, 0, 11, 6, 52, 10),
(508, 254, 5, 0, 2, 0, 7, 3, 48, 9),

-- Match 255
(509, 255, 16, 2, 1, 0, 10, 5, 50, 9),
(510, 255, 6, 2, 2, 0, 11, 6, 50, 11),

-- Match 256
(511, 256, 15, 1, 2, 0, 9, 4, 47, 9),
(512, 256, 9, 3, 1, 0, 13, 7, 53, 11),

-- Match 257
(513, 257, 13, 3, 1, 0, 12, 8, 55, 10),
(514, 257, 11, 0, 2, 0, 9, 4, 45, 11),

-- Match 258
(515, 258, 7, 3, 2, 0, 11, 7, 53, 10),
(516, 258, 14, 0, 1, 0, 8, 3, 47, 11),

-- Match 259
(517, 259, 17, 0, 2, 0, 9, 3, 48, 9),
(518, 259, 3, 1, 1, 0, 10, 5, 52, 11),

-- Match 260
(519, 260, 5, 3, 1, 0, 13, 7, 56, 10),
(520, 260, 10, 1, 2, 0, 9, 4, 44, 11),

-- Match 261
(521, 261, 18, 2, 1, 0, 11, 6, 54, 10),
(522, 261, 4, 3, 2, 0, 12, 7, 46, 11),

-- Match 262
(523, 262, 19, 0, 2, 0, 8, 3, 46, 9),
(524, 262, 12, 2, 1, 0, 10, 5, 54, 11),

-- Match 263
(525, 263, 1, 3, 1, 0, 13, 8, 58, 10),
(526, 263, 8, 1, 2, 0, 9, 4, 42, 11),

-- Match 264
(527, 264, 20, 0, 2, 0, 7, 3, 45, 9),
(528, 264, 2, 6, 1, 0, 15, 10, 55, 11),

-- Match 265
(529, 265, 8, 2, 1, 0, 10, 5, 50, 9),
(530, 265, 15, 0, 2, 0, 8, 3, 50, 11),

-- Match 266
(531, 266, 12, 2, 1, 0, 11, 6, 51, 9),
(532, 266, 20, 2, 2, 0, 10, 5, 49, 11),

-- Match 267
(533, 267, 10, 1, 2, 0, 9, 4, 48, 9),
(534, 267, 18, 1, 1, 0, 10, 5, 52, 11),

-- Match 268
(535, 268, 14, 2, 1, 0, 11, 6, 54, 10),
(536, 268, 13, 1, 2, 0, 10, 5, 46, 11),

-- Match 269
(537, 269, 2, 2, 1, 0, 12, 7, 55, 10),
(538, 269, 16, 1, 2, 0, 9, 4, 45, 11),

-- Match 270
(539, 270, 4, 0, 2, 0, 8, 3, 48, 9),
(540, 270, 5, 4, 1, 0, 14, 9, 52, 11),

-- Match 271
(541, 271, 11, 1, 1, 0, 10, 5, 50, 9),
(542, 271, 17, 0, 2, 0, 9, 4, 50, 11),

-- Match 272
(543, 272, 9, 2, 1, 0, 12, 7, 54, 10),
(544, 272, 19, 2, 2, 0, 11, 6, 46, 11),

-- Match 273
(545, 273, 6, 3, 1, 0, 13, 8, 58, 10),
(546, 273, 7, 2, 2, 0, 9, 4, 42, 11),

-- Match 274
(547, 274, 19, 2, 1, 0, 11, 6, 52, 9),
(548, 274, 16, 1, 2, 0, 10, 5, 48, 11),

-- Match 275
(549, 275, 18, 1, 2, 0, 9, 4, 50, 9),
(550, 275, 17, 1, 1, 0, 10, 5, 50, 11),

-- Match 276
(551, 276, 13, 3, 1, 0, 12, 7, 54, 10),
(552, 276, 5, 0, 2, 0, 9, 4, 46, 11),

-- Match 277
(553, 277, 9, 1, 1, 0, 10, 5, 50, 9),
(554, 277, 4, 1, 2, 0, 9, 4, 50, 11),

-- Match 278
(555, 278, 2, 5, 1, 0, 15, 9, 56, 10),
(556, 278, 6, 0, 2, 0, 8, 3, 44, 11),

-- Match 279
(557, 279, 14, 0, 2, 0, 9, 3, 47, 9),
(558, 279, 12, 1, 1, 0, 10, 5, 53, 11),

-- Match 280
(559, 280, 10, 2, 1, 0, 11, 6, 54, 10),
(560, 280, 7, 0, 2, 0, 8, 3, 46, 11),

-- Match 281
(561, 281, 15, 2, 1, 0, 10, 5, 52, 10),
(562, 281, 3, 0, 2, 0, 9, 4, 48, 11),
-- Match 282
(563, 282, 8, 4, 1, 0, 14, 9, 58, 10),
(564, 282, 20, 2, 2, 0, 10, 6, 42, 11),

-- Match 283
(565, 283, 11, 0, 2, 0, 9, 4, 44, 10),
(566, 283, 1, 4, 1, 0, 15, 10, 56, 11),

-- Match 284
(567, 284, 7, 4, 1, 0, 13, 8, 54, 10),
(568, 284, 9, 3, 2, 0, 11, 5, 46, 11),

-- Match 285
(569, 285, 12, 2, 1, 0, 10, 5, 52, 10),
(570, 285, 15, 1, 2, 0, 9, 4, 48, 11),

-- Match 286
(571, 286, 6, 2, 1, 0, 11, 6, 54, 10),
(572, 286, 19, 2, 2, 0, 10, 5, 46, 11),

-- Match 287
(573, 287, 17, 1, 2, 0, 9, 4, 50, 10),
(574, 287, 10, 1, 1, 0, 10, 5, 50, 11),

-- Match 288
(575, 288, 20, 3, 1, 0, 12, 7, 54, 10),
(576, 288, 13, 3, 2, 0, 11, 6, 46, 11),

-- Match 289
(577, 289, 5, 2, 1, 0, 10, 5, 52, 10),
(578, 289, 18, 1, 2, 0, 9, 4, 48, 11),

-- Match 290
(579, 290, 4, 2, 1, 0, 11, 6, 54, 10),
(580, 290, 14, 0, 2, 0, 10, 5, 46, 11),

-- Match 291
(581, 291, 16, 1, 2, 0, 9, 4, 50, 10),
(582, 291, 8, 1, 1, 0, 10, 5, 50, 11),

-- Match 292
(583, 292, 3, 2, 1, 0, 12, 7, 54, 10),
(584, 292, 11, 1, 2, 0, 11, 6, 46, 11),

-- Match 293
(585, 293, 1, 0, 2, 0, 8, 3, 47, 10),
(586, 293, 2, 0, 1, 0, 9, 4, 53, 11),

-- Match 294
(587, 294, 7, 1, 2, 0, 9, 4, 48, 10),
(588, 294, 15, 1, 1, 0, 10, 5, 52, 11),

-- Match 295
(589, 295, 17, 3, 1, 0, 13, 8, 56, 10),
(590, 295, 13, 1, 2, 0, 9, 4, 44, 11),

-- Match 296
(591, 296, 12, 1, 1, 0, 10, 5, 50, 10),
(592, 296, 10, 0, 2, 0, 9, 4, 50, 11),

-- Match 297
(593, 297, 19, 1, 2, 0, 9, 4, 50, 10),
(594, 297, 14, 1, 1, 0, 10, 5, 50, 11),

-- Match 298
(595, 298, 9, 1, 1, 0, 10, 5, 50, 10),
(596, 298, 5, 1, 2, 0, 9, 4, 50, 11),

-- Match 299
(597, 299, 2, 2, 1, 0, 12, 7, 55, 10),
(598, 299, 18, 0, 2, 0, 9, 4, 45, 11),

-- Match 300
(599, 300, 16, 0, 2, 0, 9, 3, 47, 10),
(600, 300, 11, 0, 1, 0, 10, 5, 53, 11),

-- Match 301
(601, 301, 1, 4, 1, 0, 15, 9, 56, 10),
(602, 301, 4, 1, 2, 0, 8, 3, 44, 11),

-- Match 302
(603, 302, 3, 3, 1, 0, 12, 7, 54, 10),
(604, 302, 20, 1, 2, 0, 11, 6, 46, 11),

-- Match 303
(605, 303, 6, 4, 1, 0, 14, 9, 58, 10),
(606, 303, 8, 3, 2, 0, 10, 6, 42, 11),

-- Match 304
(607, 304, 10, 2, 1, 0, 11, 6, 54, 10),
(608, 304, 1, 4, 2, 0, 10, 5, 46, 11),

-- Match 305
(609, 305, 4, 3, 1, 0, 12, 7, 54, 10),
(610, 305, 16, 3, 2, 0, 11, 6, 46, 11),

-- Match 306
(611, 306, 15, 1, 2, 0, 9, 4, 50, 10),
(612, 306, 19, 0, 1, 0, 10, 5, 50, 11),

-- Match 307
(613, 307, 13, 0, 2, 0, 8, 3, 47, 10),
(614, 307, 7, 1, 1, 0, 10, 5, 53, 11),
-- Match 307
(615, 307, 13, 0, 2, 0, 9, 4, 48, 10),
(616, 307, 7, 1, 1, 0, 10, 5, 52, 11),

-- Match 308
(617, 308, 18, 2, 1, 0, 12, 7, 54, 10),
(618, 308, 12, 1, 2, 0, 11, 6, 46, 11),

-- Match 309
(619, 309, 14, 1, 2, 0, 10, 5, 50, 10),
(620, 309, 9, 2, 1, 0, 11, 6, 50, 11),

-- Match 310
(621, 310, 11, 0, 1, 0, 9, 4, 46, 10),
(622, 310, 2, 3, 2, 0, 12, 8, 54, 11),

-- Match 311
(623, 311, 8, 2, 1, 0, 13, 8, 55, 10),
(624, 311, 3, 2, 2, 0, 12, 7, 45, 11),

-- Match 312
(625, 312, 20, 2, 1, 0, 10, 6, 48, 10),
(626, 312, 6, 2, 2, 0, 11, 7, 52, 11),

-- Match 313
(627, 313, 5, 3, 1, 0, 13, 9, 57, 10),
(628, 313, 17, 1, 2, 0, 10, 5, 43, 11),

-- Match 314
(629, 314, 7, 4, 1, 0, 15, 10, 58, 10),
(630, 314, 5, 0, 2, 0, 9, 3, 42, 11),

-- Match 315
(631, 315, 16, 2, 1, 0, 12, 7, 54, 10),
(632, 315, 20, 0, 2, 0, 9, 4, 46, 11),

-- Match 316
(633, 316, 19, 1, 2, 0, 9, 4, 50, 10),
(634, 316, 11, 1, 1, 0, 10, 5, 50, 11),

-- Match 317
(635, 317, 1, 5, 1, 0, 16, 12, 60, 10),
(636, 317, 18, 1, 2, 0, 9, 4, 40, 11),

-- Match 318
(637, 318, 17, 2, 1, 0, 12, 7, 55, 10),
(638, 318, 14, 2, 2, 0, 11, 6, 45, 11),

-- Match 319
(639, 319, 12, 2, 1, 0, 11, 6, 50, 10),
(640, 319, 8, 2, 2, 0, 10, 5, 50, 11),

-- Match 320
(641, 320, 3, 0, 1, 0, 9, 4, 48, 10),
(642, 320, 10, 1, 2, 0, 11, 6, 52, 11),

-- Match 321
(643, 321, 9, 0, 2, 0, 8, 3, 47, 10),
(644, 321, 13, 2, 1, 0, 12, 7, 53, 11),

-- Match 322
(645, 322, 2, 0, 2, 0, 8, 3, 47, 10),
(646, 322, 4, 2, 1, 0, 12, 7, 53, 11),

-- Match 323
(647, 323, 6, 6, 1, 0, 18, 14, 62, 10),
(648, 323, 15, 0, 2, 0, 6, 2, 38, 11),

-- Match 324
(649, 324, 18, 1, 1, 0, 11, 6, 49, 10),
(650, 324, 16, 5, 2, 0, 17, 10, 51, 11),

-- Match 325
(651, 325, 20, 1, 1, 0, 10, 5, 46, 10),
(652, 325, 19, 4, 2, 0, 14, 9, 54, 11),

-- Match 326
(653, 326, 14, 0, 2, 0, 7, 3, 45, 10),
(654, 326, 2, 2, 1, 0, 12, 7, 55, 11),

-- Match 327
(655, 327, 15, 2, 1, 0, 12, 7, 54, 10),
(656, 327, 17, 0, 2, 0, 9, 4, 46, 11),

-- Match 328
(657, 328, 4, 3, 1, 0, 13, 9, 56, 10),
(658, 328, 12, 1, 2, 0, 10, 5, 44, 11),

-- Match 329
(659, 329, 10, 5, 1, 0, 18, 12, 60, 10),
(660, 329, 9, 2, 2, 0, 10, 5, 40, 11),

-- Match 330
(661, 330, 13, 1, 1, 0, 10, 5, 48, 10),
(662, 330, 3, 3, 2, 0, 12, 7, 52, 11),
-- Match 331
(663, 331, 5, 0, 2, 0, 8, 3, 47, 10),
(664, 331, 1, 2, 1, 0, 12, 7, 53, 11),

-- Match 332
(665, 332, 11, 1, 1, 0, 10, 5, 50, 10),
(666, 332, 6, 2, 2, 0, 11, 6, 50, 11),

-- Match 333
(667, 333, 8, 3, 1, 0, 13, 8, 56, 10),
(668, 333, 7, 2, 2, 0, 12, 7, 44, 11),

-- Match 334
(669, 334, 9, 2, 1, 0, 12, 7, 54, 10),
(670, 334, 3, 2, 2, 0, 11, 6, 46, 11),

-- Match 335
(671, 335, 13, 1, 1, 0, 9, 4, 47, 10),
(672, 335, 10, 1, 2, 0, 11, 6, 53, 11),

-- Match 336
(673, 336, 8, 1, 2, 0, 9, 4, 48, 10),
(674, 336, 19, 1, 1, 0, 10, 5, 52, 11),

-- Match 337
(675, 337, 7, 5, 1, 0, 18, 12, 58, 10),
(676, 337, 20, 1, 2, 0, 9, 4, 42, 11),

-- Match 338
(677, 338, 14, 2, 1, 0, 12, 7, 55, 10),
(678, 338, 18, 1, 2, 0, 10, 5, 45, 11),

-- Match 339
(679, 339, 15, 1, 1, 0, 10, 5, 52, 10),
(680, 339, 16, 0, 2, 0, 9, 4, 48, 11),

-- Match 340
(681, 340, 4, 2, 1, 0, 11, 6, 51, 10),
(682, 340, 6, 2, 2, 0, 10, 5, 49, 11),

-- Match 341
(683, 341, 12, 3, 1, 0, 14, 9, 57, 10),
(684, 341, 11, 0, 2, 0, 8, 3, 43, 11),

-- Match 342
(685, 342, 5, 2, 1, 0, 12, 7, 53, 10),
(686, 342, 2, 3, 2, 0, 11, 6, 47, 11),

-- Match 343
(687, 343, 17, 0, 2, 0, 8, 3, 45, 10),
(688, 343, 1, 2, 1, 0, 12, 7, 55, 11),

-- Match 344
(689, 344, 18, 1, 1, 0, 10, 5, 50, 10),
(690, 344, 15, 1, 2, 0, 10, 5, 50, 11),

-- Match 345
(691, 345, 2, 3, 1, 0, 14, 9, 56, 10),
(692, 345, 12, 0, 2, 0, 9, 4, 44, 11),

-- Match 346
(693, 346, 16, 0, 2, 0, 8, 3, 45, 10),
(694, 346, 13, 0, 1, 0, 9, 4, 55, 11),

-- Match 347
(695, 347, 19, 1, 1, 0, 10, 5, 48, 10),
(696, 347, 7, 4, 2, 0, 15, 10, 52, 11),

-- Match 348
(697, 348, 20, 1, 1, 0, 9, 4, 47, 10),
(698, 348, 17, 3, 2, 0, 14, 9, 53, 11),

-- Match 349
(699, 349, 1, 5, 1, 0, 18, 12, 60, 10),
(700, 349, 14, 1, 2, 0, 9, 4, 40, 11),

-- Match 350
(701, 350, 11, 1, 1, 0, 11, 6, 50, 10),
(702, 350, 4, 0, 2, 0, 9, 4, 50, 11),

-- Match 351
(703, 351, 6, 5, 1, 0, 18, 12, 58, 10),
(704, 351, 9, 0, 2, 0, 7, 3, 42, 11),

-- Match 352
(705, 352, 3, 4, 1, 0, 14, 9, 57, 10),
(706, 352, 5, 2, 2, 0, 10, 5, 43, 11),

-- Match 353
(707, 353, 10, 4, 1, 0, 15, 10, 55, 10),
(708, 353, 8, 0, 2, 0, 9, 4, 45, 11),
-- Match 354
(709, 354, 13, 0, 2, 0, 7, 2, 44, 12),
(710, 354, 1, 4, 1, 0, 16, 10, 56, 14),

-- Match 355
(711, 355, 12, 1, 1, 0, 10, 5, 52, 10),
(712, 355, 16, 2, 2, 0, 11, 6, 48, 12),

-- Match 356
(713, 356, 15, 1, 1, 0, 9, 4, 49, 11),
(714, 356, 20, 0, 2, 0, 8, 3, 51, 10),

-- Match 357
(715, 357, 7, 1, 1, 0, 9, 4, 47, 10),
(716, 357, 11, 1, 2, 0, 10, 5, 53, 11),

-- Match 358
(717, 358, 5, 2, 1, 0, 13, 7, 55, 10),
(718, 358, 19, 1, 2, 0, 10, 5, 45, 11),

-- Match 359
(719, 359, 9, 3, 1, 0, 14, 8, 54, 10),
(720, 359, 18, 1, 2, 0, 9, 4, 46, 11),

-- Match 360
(721, 360, 14, 1, 2, 0, 10, 5, 49, 11),
(722, 360, 10, 3, 1, 0, 14, 9, 51, 10),

-- Match 361
(723, 361, 17, 2, 1, 0, 11, 6, 48, 10),
(724, 361, 6, 3, 2, 0, 12, 7, 52, 11),

-- Match 362
(725, 362, 8, 0, 2, 0, 7, 2, 45, 11),
(726, 362, 2, 1, 1, 0, 10, 5, 55, 10),

-- Match 363
(727, 363, 4, 3, 1, 0, 13, 8, 52, 10),
(728, 363, 3, 3, 2, 0, 14, 9, 48, 11),

-- Match 364
(729, 364, 2, 2, 1, 0, 12, 7, 54, 10),
(730, 364, 15, 1, 2, 0, 9, 4, 46, 11),

-- Match 365
(731, 365, 16, 2, 1, 0, 11, 6, 50, 10),
(732, 365, 7, 4, 2, 0, 15, 10, 50, 11),

-- Match 366
(733, 366, 11, 0, 2, 0, 8, 3, 47, 10),
(734, 366, 8, 2, 1, 0, 12, 7, 53, 11),

-- Match 367
(735, 367, 19, 1, 1, 0, 10, 5, 51, 10),
(736, 367, 17, 2, 2, 0, 12, 7, 49, 11),

-- Match 368
(737, 368, 6, 2, 1, 0, 11, 6, 55, 10),
(738, 368, 12, 1, 2, 0, 10, 5, 45, 11),

-- Match 369
(739, 369, 10, 5, 1, 0, 18, 12, 58, 10),
(740, 369, 4, 0, 2, 0, 8, 3, 42, 11),

-- Match 370
(741, 370, 3, 2, 1, 0, 10, 5, 51, 10),
(742, 370, 14, 0, 2, 0, 9, 4, 49, 11),

-- Match 371
(743, 371, 18, 2, 1, 0, 12, 7, 54, 10),
(744, 371, 13, 4, 2, 0, 14, 9, 46, 11),

-- Match 372
(745, 372, 1, 3, 1, 0, 15, 10, 55, 10),
(746, 372, 9, 1, 2, 0, 10, 5, 45, 11),

-- Match 373
(747, 373, 20, 0, 2, 0, 8, 3, 44, 10),
(748, 373, 5, 3, 1, 0, 12, 7, 56, 11),

-- Match 374
(749, 374, 3, 0, 2, 0, 9, 4, 48, 11),
(750, 374, 3, 1, 1, 0, 10, 5, 52, 10),

-- Match 375
(751, 375, 3, 1, 1, 0, 10, 5, 50, 10),
(752, 375, 1, 1, 2, 0, 11, 6, 50, 11),

-- Match 376
(753, 376, 1, 3, 1, 0, 12, 7, 55, 10),
(754, 376, 19, 1, 2, 0, 9, 4, 45, 11),

-- Match 377
(755, 377, 5, 3, 1, 0, 14, 9, 54, 10),
(756, 377, 16, 2, 2, 0, 12, 7, 46, 11),

-- Match 378
(757, 378, 3, 4, 1, 0, 13, 8, 57, 10),
(758, 378, 6, 1, 2, 0, 10, 5, 43, 11),

-- Match 379
(759, 379, 2, 0, 2, 0, 8, 3, 44, 10),
(760, 379, 9, 2, 1, 0, 12, 7, 56, 11),

-- Match 380
(761, 380, 14, 2, 1, 0, 11, 6, 50, 10),
(762, 380, 6, 1, 2, 0, 10, 5, 50, 11);

INSERT INTO TEAM_STATS (team_stats_id, team_id, league_id, matches_played, wins, draws, loses, goals_scored, goals_conceded, points, goal_difference) VALUES
(1, 1, 1, 38, 28, 7, 3, 96, 34, 91, 62),
(2, 2, 1, 38, 28, 5, 5, 91, 29, 89, 62),
(3, 3, 1, 38, 24, 10, 4, 86, 41, 82, 45),
(4, 4, 1, 38, 20, 8, 10, 76, 61, 68, 15),
(5, 5, 1, 38, 20, 6, 12, 74, 61, 66, 13),
(6, 6, 1, 38, 18, 9, 11, 77, 63, 63, 14),
(7, 7, 1, 38, 18, 6, 14, 85, 62, 60, 23),
(8, 8, 1, 38, 18, 6, 14, 57, 58, 60, -1),
(9, 9, 1, 38, 14, 10, 14, 60, 74, 52, -14),
(10, 10, 1, 38, 13, 10, 15, 57, 58, 49, -1),
(11, 11, 1, 38, 12, 12, 14, 55, 62, 48, -7),
(12, 12, 1, 38, 13, 9, 16, 54, 67, 48, -13),
(13, 13, 1, 38, 13, 8, 17, 55, 61, 47, -6),
(14, 14, 1, 38, 13, 7, 18, 50, 65, 46, -15),
(15, 15, 1, 38, 13, 9, 16, 40, 51, 40, -11),
(16, 16, 1, 38, 10, 9, 19, 56, 65, 39, -9),
(17, 17, 1, 38, 9, 9, 20, 49, 67, 32, -18),
(18, 18, 1, 38, 6, 8, 24, 52, 85, 26, -33),
(19, 19, 1, 38, 5, 9, 24, 41, 78, 24, -37),
(20, 20, 1, 38, 3, 7, 28, 35, 104, 16, -69);


























